{"nodes":null,"selection":null,"view":{"scroll":{"x":-171.646499633789062,"y":-131.55810546875},"zoom":0.145278453826904297}}